title,url
‘ABSOLUTELY NOTHING’: Cassie bursts into tears over depraved sex act,https://www.news.com.au/entertainment/celebrity-life/sean-diddy-combs-trial-chris-brown-mentioned-on-day-five/news-story/24b6ab884c9dedeac47e178ff361a569
Grim warning for Aussies going to Thailand,https://www.news.com.au/travel/travel-updates/warnings/spine-chilling-huge-warning-for-aussies-going-to-thailand/news-story/b786511adcbec5241c12dcc24252fe16
"Ticket, Welcome to Country fails strike SCG",https://www.news.com.au/sport/afl/scg-hit-with-ticket-welcome-to-country-fails-before-swans-clash-with-carlton/news-story/809087ed7610c94c8be812df537536f4
World loses it over Japanese man’s day,https://www.news.com.au/finance/work/at-work/hell-world-loses-it-over-japanese-mans-18hour-day/news-story/e8631d50b04f183a149bda24c9c1ba51
Dark secret behind this ‘harmless’ smile,https://www.news.com.au/technology/online/social/dark-secret-behind-this-harmless-smile/image-gallery/c7235d480e7d41d7f84f973cb86172fc
Big star seen in wheelchair on rare outing,https://www.news.com.au/entertainment/celebrity-life/celebrity-photos/legendary-british-actor-tim-curry-spotted-in-a-wheelchair-on-rare-outing-after-health-crisis/news-story/eb24136e3eaa225f475ce3845b6089bf
‘Completely different’: Truth behind glam pic,https://www.news.com.au/entertainment/movies/completely-different-truth-behind-iconic-cannes-pic/news-story/06a26fac942761df05b31e8354c9f9d1
‘Smelled bad’: Stars slam Doohan treatment,https://www.news.com.au/sport/motorsport/formula-one/smelled-bad-f1-stars-slam-jack-doohan-treatment-from-alpine/news-story/741a6b8b516f7195a702ad9d9d686d3f
Gut-wrenching text from dead son’s phone,https://www.news.com.au/national/devastated-melbourne-mother-mourns-sons-death-in-car-crash-after-chilling-text-message/news-story/4aafc306ee5de5dfbac8d84cd78f2d13
What Diddy’s daughters really think,https://www.news.com.au/entertainment/music/what-sean-diddy-combs-daughters-really-think-revealed-by-insider-close-to-family-as-the-highprofile-trial-continues/news-story/33a1fb9e457b03afcf25727676f791ae
‘Assassination’: Trump’s explosive FBI claim,https://www.news.com.au/finance/work/leaders/freedom-zone-trumps-middle-east-plan/news-story/ce7a462b86fd0ded680d20d94dcc3771
Fiery Trump clip says it all about Ukraine,https://www.news.com.au/world/europe/vladimir-putin-snubs-peace-talks-with-ukraine/news-story/950994beaa0d269400ad49b1842c9e15
‘Miraculous’: TV show you need to watch,https://www.news.com.au/entertainment/tv/tv-shows/andor-season-two-review-miraculous-television-and-finally-the-writing-star-wars-deserves/news-story/5939e242314a2868e90cbeb461b63cac
Cotton On coat everyone is raving about,https://www.news.com.au/checkout/sales-and-deals/sales-and-deals-of-the-week/the-best-discounts-deals-for-the-iconic-right-now/news-story/56e74e33c5ac0bc5305bdfce5e76d565
Seats undecided two weeks after election,https://www.news.com.au/national/federal-election/voting-and-results/the-seats-where-a-recount-is-possible-plus-the-most-complex-ever-vote-count/news-story/16966dc8d40bbacf46714b385df649c6
Jeers ‘disappoint’ former Victory star,https://www.news.com.au/sport/football/exvictory-midfielder-jake-brimmer-has-extra-motivation-to-guide-auckland-fc-to-semifinal-success/news-story/01741901e8e146b034d18f0fd1abbb30
Albo’s surprise gift to president’s cat,https://www.news.com.au/national/politics/prime-minister-anthony-albanese-gifts-indonesian-president-prabowo-subiantos-cat-bobby-a-red-scarf/news-story/930208b3cd8498e7c424cbc50483ff34
Myer launches massive flash sale,https://www.news.com.au/checkout/sales-and-deals/best-discounts-and-deals-to-shop-at-myer-right-now/news-story/3116ea929817b3918717cf9989b3c4ba
Huge US rocker unrecognisable in Sydney,https://www.news.com.au/entertainment/celebrity-life/celebrity-photos/the-offspring-frontman-dexter-holland-ditches-his-guitar-for-a-wetsuit-as-he-takes-part-in-sydney-triathlon/news-story/dd5fcbe804ac16be3bda4bd2cfcbf82d
Harry Potter star’s ‘shame’ over OnlyFans act,https://www.news.com.au/entertainment/celebrity-life/harry-potter-star-reveals-onlyfans-shame-as-she-resorts-to-platform-to-claw-back-money-after-debts/news-story/94499ecbc4d7c137a36ecc94e8055848
Bieber issues bold statement amid Diddy trial,https://www.news.com.au/entertainment/celebrity-life/justin-bieber-breaks-silence-on-sean-diddy-combs-as-rap-mogul-faces-sextrafficking-trial/news-story/4f3a10ac93e2d3ab3d34ad9294f3a3b4
Taylor’s true feelings about Blake revealed,https://www.news.com.au/entertainment/celebrity-life/huge-sign-taylor-swift-has-distanced-from-blake-lively-as-its-revealed-singer-wants-no-part-in-her-pals-legal-woes/news-story/55e5223300e25fe0f8ab8da63cedd56d
Meghan has officially reached a sad new low,https://www.news.com.au/entertainment/celebrity-life/royals/devastating-new-blow-for-harry-and-meghan/news-story/f74b8d62fa0469257f465f6a48f0323d
Tostee fights casino ban over ‘sex’,https://www.news.com.au/national/queensland/courts-law/tostee-fights-casino-ban-over-sex/news-story/e5bda7d4954b834bc8d2b6f370d0cb73
Jelena Dokic drops huge baby news,https://www.news.com.au/sport/tennis/former-tennis-star-jelena-dokic-drops-huge-baby-news/news-story/922d911609f81cec2c48cd4ecbbbdc3c
Outbreak confirmed on Australia’s doorstep,https://www.news.com.au/world/asia/two-confirmed-cases-in-papua-new-guinea-polio-outbreak/news-story/5955211d03ea5b7d40fb88305ff8f62e
Seats undecided two weeks after election,https://www.news.com.au/national/federal-election/voting-and-results/the-seats-where-a-recount-is-possible-plus-the-most-complex-ever-vote-count/news-story/16966dc8d40bbacf46714b385df649c6
Burton seals epic win despite miracle try,https://www.news.com.au/sport/nrl/clutch-matt-burton-try-seals-miracle-win-despite-roosters-stars-miracle-try/news-story/f4ea2312222d8c544b4013799d01fcda
NRL trainers banned over ball fiasco,https://www.news.com.au/sport/nrl/nrl-trainers-from-panthers-cowboys-banned-after-squirting-water-on-balls/news-story/64b310e568380c7dcfa63066e46921e2
AFL icon’s staggering act in final moments,https://www.news.com.au/sport/afl/afl-icon-robert-walls-incredible-act-in-final-moments/news-story/7ab4215c5c62827edc515b454fe099e3
NRL star set to be axed over coach attack,https://www.news.com.au/sport/nrl/brisbane-broncos-forward-martin-taupau-set-to-be-axed-after-michael-maguire-criticism/news-story/9e2dcd25723a31f29b969887a9fb3f98
AFL star’s gesture causes stir as storm erupts,https://www.news.com.au/sport/afl/gold-coast-defenders-gesture-raises-eyebrows-as-tempers-boil-over/news-story/b3ea82973e99df4a83828b9f75d0fc7c
NRL star goes public after Origin bomb leaks,https://www.news.com.au/sport/nrl/terrell-may-confirms-state-of-origin-snub-as-surprising-reason-behind-laurie-daleys-decision-comes-to-light/news-story/5ae148124adecf79d58cfc976b8fb2e4
"Teacher, 25, jailed for sexual abuse of 11yo",https://www.news.com.au/lifestyle/real-life/news-life/married-teacher-forced-student-11-to-touch-her-send-explicit-pics/news-story/963006171c5486435b8fd3147ab849d8
Fiery Trump clip says it all about Ukraine,https://www.news.com.au/world/europe/vladimir-putin-snubs-peace-talks-with-ukraine/news-story/950994beaa0d269400ad49b1842c9e15
‘Casanova killer’ executed three decades later,https://www.news.com.au/lifestyle/real-life/news-life/casanova-killer-executed-three-decades-later/news-story/2e1fb0647414c31727bb239a0df7c705
Russia jails Aussie captured in Ukraine,https://www.news.com.au/world/europe/australian-oscar-jenkins-jailed-for-13-years-in-russia-after-being-captured-in-ukraine/news-story/28864ae40579d1821a2c4b7c5875d690
American sprint star slams ‘soft’ Gout Gout,https://www.news.com.au/sport/olympics/athletics/american-sprint-sensation-noah-williams-slams-soft-gout-gout-move-ahead-of-diamond-league-debut/news-story/10944d49c817e807adaf59b9156c449a
Named: 15 banks cut rates ahead of RBA call,https://www.realestate.com.au/news/15-lenders-cut-home-loan-rates-ahead-of-rba-meeting/?campaignType=external&campaignChannel=syndication&campaignName=ncacont&campaignContent=&campaignSource=newscomau&campaignPlacement=realestatemodule
Block buyer sells 6 homes amid major fear,https://www.realestate.com.au/news/the-block-serial-buyer-danny-wallis-reiv-reveal-landlord-fears-for-vic-budget-what-it-would-take-to-win-them-back/?campaignType=external&campaignChannel=syndication&campaignName=ncacont&campaignContent=&campaignSource=newscomau&campaignPlacement=strap
Aussies flee to Italy amid wild price offers,https://www.realestate.com.au/news/italian-house-price-record-soars-to-284m-aud-164m-euro-as-aussies-eye-vineyards-country-estates/?campaignType=external&campaignChannel=syndication&campaignName=ncacont&campaignContent=&campaignSource=newscomau&campaignPlacement=strap
Cruise’s life of Scientology to $926m empire,https://www.realestate.com.au/news/inside-tom-cruises-150m-property-portfolio/?campaignType=external&campaignChannel=syndication&campaignName=ncacont&campaignContent=&campaignSource=newscomau&campaignPlacement=strap
Screaming protesters interrupt RFK Jr as he defends downsizing health dept,https://www.news.com.au/world/north-america/screaming-protesters-interrupt-rfk-jr-as-he-defends-downsizing-health-dept/video/ff09eacbdf014e0e8fb01aac37d2a4a0#video
Australian exorcist cleanses homes of demons,https://www.news.com.au/national/australian-exorcist-cleanses-homes-of-demons/video/a8c22d8e42dca1654ea09e58eb6e3d77#video
Hollywood actor joins mission to rescue dogs from Korean meat farm,https://www.news.com.au/entertainment/hollywood-actor-joins-mission-to-rescue-dogs-from-korean-meat-farm/video/52eab1b22deb1212d6d516124eba9f75#video
Guy Sebastian in good spirits after horror foot injury,https://www.news.com.au/entertainment/guy-sebastian-in-good-spirits-after-horror-foot-injury/video/d3f4fce84bfcac30aeed7d95c0846dcd#video
Double falcon knocks down two players,https://www.news.com.au/sport/football/a-league/double-falcon-knocks-down-two-players/video/4ea2a018d39c37982306474b0fbd2d5d#video
What is revenge quitting?,https://www.news.com.au/finance/work/what-is-revenge-quitting/video/05e19056aeab9a8f1e9310e9eab77ce3#video
Woman shares little known Coles policy to score things for free,https://www.news.com.au/lifestyle/woman-shares-little-known-coles-policy-to-score-things-for-free/video/dcac4af314d29eebb947fc60b80d5e25#video
Wild emus make themselves at home in Aussie’s pool,https://www.news.com.au/technology/science/animals/wild-emus-make-themselves-at-home-in-aussies-pool/video/24087293fea13d1afb2d4d15f80576d1#video
Gold Coast players run in to shove Hawthorn player,https://www.news.com.au/sport/afl/gold-coast-players-run-in-to-shove-hawthorn-player/video/3bf2162860d81dbdb60dc21411eb36e8#video
Podcaster Theo Von grabs fan’s neck after confrontation,https://www.news.com.au/entertainment/celebrity-life/royals/podcaster-theo-von-grabs-fans-neck-after-confrontation/video/854637106e15cd2bd7b35bf2f57a46b6#video
Beauty queen unrecognisable after injury,https://www.news.com.au/lifestyle/real-life/news-life/beauty-queen-details-horror-accident-before-pageant/news-story/2e69ee46a2673f89bc1148dda204497d
Aussie porn star’s wild new move revealed,https://www.news.com.au/lifestyle/real-life/news-life/aussie-porn-star-lands-cheeky-ad-campaign-with-mingle-seasoning/news-story/b00f4e5b77f467b2aabcbaf86d1256bc
TV star reveals he’s secretly ‘jacked’,https://www.news.com.au/lifestyle/fitness/inspiration/jacked-mastermind-host-stuns-fans-with-jawdropping-gym-photos/news-story/1376d2a138699aa6f68b74a9cfc4762d
Wild scenes at YouTuber’s kebab shop,https://www.news.com.au/lifestyle/food/eat/wild-scenes-at-youtuber-spanians-kebab-shop/news-story/d739cef433dc56815c00788b03fc16b7
Urgent recall for contaminated chicken,https://www.news.com.au/lifestyle/food/food-warnings/food-company-fresh-frontier-recalls-spicy-chicken-mango-pasta-salad-product-sold-at-iga-farmer-jacks/news-story/9ba47b0f3453e45ecb845da9b8e83f8b
Sad demise of Hog’s Breath Cafe Aus exposed,https://www.realcommercial.com.au/news/swine-and-dine-the-rise-and-fall-of-one-of-auss-most-loved-family-restaurants?campaignType=external&campaignChannel=syndication&campaignName=ncacont&campaignContent=&campaignSource=newscomau&campaignPlacement=strap
Aussies outraged as NZ claims Sydney staple,https://www.kidspot.com.au/lifestyle/home/new-zealand-is-trying-to-claim-another-thing-from-us-and-this-ones-personal/news-story/2287ce5bc671cd2a9e45111e46a7389f
‘Sexy’ spin on Australia’s favourite drink,https://www.taste.com.au/taste-test-kitchen/articles/white-possum-scarletta-review/joer9hu8?r=recipes/tastetestkitchen
‘No friends’: Pom slams Aussie culture,https://www.news.com.au/travel/travel-advice/their-own-little-groups-tiktoker-slams-sydney-culture/news-story/0a5c70bb8388c3b950682fbd11fbc93e
Sad footage of Orcas abandoned in filthy pool,https://www.news.com.au/travel/travel-updates/incidents/sad-footage-of-orcas-abandoned-in-filthy-pool/news-story/50894833152614eb13428f915d681d02
Tradie’s haunting final texts before vanishing,https://www.news.com.au/travel/travel-updates/incidents/tragic-last-messages-from-aussie-tradie-feared-dead-in-ukraine/news-story/56fb8d64acf8dff39f8c4b82486d4ebf
Dramatic citizen’s arrest at major airport,https://www.news.com.au/travel/travel-updates/incidents/man-bodyslammed-to-ground-in-dramatic-citizens-arrest-at-brisbane-airport/news-story/8cc63d247cdf221a928998c8cf51c1d7
Passenger attempts to stab flight attendant,https://www.news.com.au/travel/shocking-moment-passenger-tries-to-stab-flight-attendant-and-open-emergency-exit/news-story/a97ca99d969479084db9b3f0c52b2b61
‘Where’s dad?’: Politician’s vile Kerr comment,https://www.news.com.au/sport/football/wheres-dad-politicians-vile-sam-kerr-comment-about-her-son-jagger-raises-eyebrows/news-story/29f279b1a34a99dd38cdc5499da73a3c
‘Embarrassing’ Knights hit fresh NRL low,https://www.news.com.au/sport/nrl/zac-lomaxs-dream-origin-audition-as-eels-thrash-hapless-knights/news-story/27a7d70af6e663e3cad28a781c7bd54d
NRL star set to be axed over coach attack,https://www.news.com.au/sport/nrl/brisbane-broncos-forward-martin-taupau-set-to-be-axed-after-michael-maguire-criticism/news-story/9e2dcd25723a31f29b969887a9fb3f98
Piastri learns fate after ugly accusation,https://www.news.com.au/sport/motorsport/formula-one/formula-1-hands-down-verdict-after-oscar-piastri-investigation/news-story/8581685b9aec2a65109c9566812b02fb
"Aussie’s fate sealed, dark F1 truth laid bare",https://www.news.com.au/sport/motorsport/formula-one/should-be-ashamed-photo-of-doohans-replacement-says-it-all-dark-side-of-f1-laid-bare/news-story/598809f001e6693b35c62f197112e5e2
AFL icon’s staggering act in final moments,https://www.news.com.au/sport/afl/afl-icon-robert-walls-incredible-act-in-final-moments/news-story/7ab4215c5c62827edc515b454fe099e3
AFL star’s gesture causes stir as storm erupts,https://www.news.com.au/sport/afl/gold-coast-defenders-gesture-raises-eyebrows-as-tempers-boil-over/news-story/b3ea82973e99df4a83828b9f75d0fc7c
NRL star goes public after Origin bomb leaks,https://www.news.com.au/sport/nrl/terrell-may-confirms-state-of-origin-snub-as-surprising-reason-behind-laurie-daleys-decision-comes-to-light/news-story/5ae148124adecf79d58cfc976b8fb2e4
Terrifying AI job warning for Aussies,https://www.news.com.au/technology/new-study-finds-ai-hiring-systems-may-be-discriminating/news-story/9db27239579e261c976ad32df044b685
Island-size toxic mass smashes Aussie coast,https://www.news.com.au/technology/science/animals/aussie-city-hit-by-major-fish-kill-due-to-a-relatively-unusual-algae-bloom/news-story/f4d3864e13496b70aacd35658b524d27
‘Fake’: Shocking finds inside Aussie cars,https://www.news.com.au/technology/motoring/dangerous-fake-car-parts-found-in-aussie-vehicles-as-costcutting-fuels-risky-repairs/news-story/65ca6745b269a72346ab8ff3a0ca7fad
Sinister new scam strikes Aussies,https://www.news.com.au/technology/online/security/australia-post-has-issued-a-warning-about-fresh-scam-sweeping-the-nation/news-story/727a6e45b61cd4ec8cd15f0d0258d6c7
"Men flee scene of crash, leave teen to die",https://www.news.com.au/technology/motoring/on-the-road/two-arrested-after-leaving-teenager-in-hitrun-to-die-in-st-albans-melbourne/news-story/2fcee25f32bb55e4705d879c42da904f
Tesla rethinking Musk’s pay after $87b blow,https://www.news.com.au/finance/money/wealth/tesla-to-reconsider-elon-musks-compensation-after-87-billion-pay-package-blow/news-story/529ba882dbcf1d2ad97c1faadd4a0076
Aussie housing truth no one wanted to hear,https://www.news.com.au/finance/real-estate/housing-in-four-major-aussie-cities-rated-impossibly-unaffordable-by-new-study/news-story/2bc4a805032e41fc9b6c51ede8b6669b
US woman’s tax rage after Aussie order,https://www.news.com.au/finance/business/retail/us-woman-fires-up-at-300-fee-after-glassons-order-as-aussies-defend-the-brand/news-story/c978ea1fd059332e69573b7b8965cfee
‘F**king worried’: AI trend hits workplace,https://www.news.com.au/finance/work/trends/its-not-just-about-the-money-what-gen-z-and-millennials-really-want-from-work/news-story/27f99f4c02819523ef4fe2367f8ddf21
Landlord’s bizarre list of shower rules,https://www.news.com.au/finance/real-estate/renting/prison-cell-landlord-leaves-bizarre-list-of-showering-rules-in-adelaide-rental-advertisement/news-story/f37001a05ee58c6a7f2c3b86bae2e9c8
Meghan has officially reached a sad new low,https://www.news.com.au/entertainment/celebrity-life/royals/devastating-new-blow-for-harry-and-meghan/news-story/f74b8d62fa0469257f465f6a48f0323d
Iconic comedian claps back at heckler,https://www.news.com.au/entertainment/celebrity-life/celebrity-photos/fk-you-iconic-comedian-jerry-seinfeld-claps-back-at-heckler/news-story/88a3005097346e93520d7586cae1c6c4
Shock result for Aus in Eurovision final,https://www.news.com.au/entertainment/music/australias-gojo-out-of-the-2025-eurovision-grand-final-in-a-stacked-semi/news-story/c323ed0ae37a6ff3687a04485b32bcf7
Grim discovery outside Taylor Swift’s home,https://www.news.com.au/entertainment/celebrity-life/human-remains-found-near-taylor-swifts-rhode-island-mansion-amid-fears-a-serial-killer-is-on-the-loose/news-story/c651eabc88b9411088d66058b9a41572
Star breaks silence on Tom Cruise rumours,https://www.news.com.au/entertainment/celebrity-life/hook-ups-break-ups/ana-de-armas-breaks-silence-on-fun-tom-cruise-relationship-and-all-the-time-theyre-spending-together/news-story/7782aed84b64980be24689c88c242070
"One Man, Three Lovers: Polyamory in Action 12/03/25",https://www.news.com.au/national/one-man-three-lovers-polyamory-in-action-120325/audio/dac8090fddad56e7ef5d4289e81c1344
